{
    "image-77089611-78785961-69826278-95000740-26294623.dcm": {
        "Atelectasis": 0.03217384219169617,
        "Consolidation": 0.07021141797304153,
        "Infiltration": 0.20840053260326385,
        "Pneumothorax": 0.09820839017629623,
        "Edema": 0.00011405707482481375,
        "Emphysema": 0.011497896164655685,
        "Fibrosis": 0.1795319765806198,
        "Effusion": 0.012032969854772091,
        "Pneumonia": 0.0002153818786609918,
        "Pleural_Thickening": 0.08072728663682938,
        "Cardiomegaly": 0.0014851156156510115,
        "Nodule": 0.2003317028284073,
        "Mass": 0.2106846570968628,
        "Hernia": 0.004599321633577347,
        "Lung Lesion": 7.41701151127927e-05,
        "Fracture": 0.06754845380783081,
        "Lung Opacity": 0.11273051053285599,
        "Enlarged Cardiomediastinum": 0.005950390361249447
    },
    "image-23691574-78007127-67077450-08256882-87395367.dcm": {
        "Atelectasis": 0.45944899320602417,
        "Consolidation": 0.5119838714599609,
        "Infiltration": 0.5200909376144409,
        "Pneumothorax": 0.5002479553222656,
        "Edema": 0.028902428224682808,
        "Emphysema": 0.4293542206287384,
        "Fibrosis": 0.5042321681976318,
        "Effusion": 0.4124939739704132,
        "Pneumonia": 0.003325056517496705,
        "Pleural_Thickening": 0.4667920470237732,
        "Cardiomegaly": 0.33433055877685547,
        "Nodule": 0.5223361253738403,
        "Mass": 0.6009727120399475,
        "Hernia": 0.03925665095448494,
        "Lung Lesion": 0.01822087913751602,
        "Fracture": 0.5060235261917114,
        "Lung Opacity": 0.7981016635894775,
        "Enlarged Cardiomediastinum": 0.5038244724273682
    },
    "image-15261899-16336799-16570287-29657437-32481398.dcm": {
        "Atelectasis": 0.10820826143026352,
        "Consolidation": 0.07359154522418976,
        "Infiltration": 0.5286509990692139,
        "Pneumothorax": 0.030612371861934662,
        "Edema": 0.0038531930185854435,
        "Emphysema": 0.020751815289258957,
        "Fibrosis": 0.0849587619304657,
        "Effusion": 0.03160111606121063,
        "Pneumonia": 0.004618050064891577,
        "Pleural_Thickening": 0.04244857281446457,
        "Cardiomegaly": 0.21898813545703888,
        "Nodule": 0.4212189018726349,
        "Mass": 0.1438397467136383,
        "Hernia": 0.000479643524158746,
        "Lung Lesion": 0.01046252902597189,
        "Fracture": 0.1610955148935318,
        "Lung Opacity": 0.0566142313182354,
        "Enlarged Cardiomediastinum": 0.06395574659109116
    },
    "image-09599604-82254875-28128815-63496762-37337175.dcm": {
        "Atelectasis": 0.5175102949142456,
        "Consolidation": 0.5020341873168945,
        "Infiltration": 0.50682532787323,
        "Pneumothorax": 0.5005155801773071,
        "Edema": 0.08264680206775665,
        "Emphysema": 0.5009453296661377,
        "Fibrosis": 0.3112933337688446,
        "Effusion": 0.21513818204402924,
        "Pneumonia": 0.10813417285680771,
        "Pleural_Thickening": 0.2215031236410141,
        "Cardiomegaly": 0.33456432819366455,
        "Nodule": 0.5061433911323547,
        "Mass": 0.5325199961662292,
        "Hernia": 0.17188052833080292,
        "Lung Lesion": 0.018434053286910057,
        "Fracture": 0.5248085260391235,
        "Lung Opacity": 0.5785051584243774,
        "Enlarged Cardiomediastinum": 0.5024051666259766
    },
    "image-75545339-55870039-51885816-92064157-98378507.dcm": {
        "Atelectasis": 0.1117936223745346,
        "Consolidation": 0.05699101462960243,
        "Infiltration": 0.27783241868019104,
        "Pneumothorax": 0.08478403836488724,
        "Edema": 5.7769284467212856e-05,
        "Emphysema": 0.015488779172301292,
        "Fibrosis": 0.500524640083313,
        "Effusion": 0.011737044900655746,
        "Pneumonia": 0.00169239635579288,
        "Pleural_Thickening": 0.16117945313453674,
        "Cardiomegaly": 0.00027032638899981976,
        "Nodule": 0.17681048810482025,
        "Mass": 0.08874405920505524,
        "Hernia": 0.011450002901256084,
        "Lung Lesion": 0.0001063093077391386,
        "Fracture": 0.05170949548482895,
        "Lung Opacity": 0.04409416392445564,
        "Enlarged Cardiomediastinum": 0.004824299830943346
    },
    "image-15908848-77237609-03232560-96641664-72033662.dcm": {
        "Atelectasis": 0.27853870391845703,
        "Consolidation": 0.5036743879318237,
        "Infiltration": 0.38528695702552795,
        "Pneumothorax": 0.5014407634735107,
        "Edema": 0.011872710660099983,
        "Emphysema": 0.5001375079154968,
        "Fibrosis": 0.5019625425338745,
        "Effusion": 0.24573750793933868,
        "Pneumonia": 0.004021686036139727,
        "Pleural_Thickening": 0.5011644959449768,
        "Cardiomegaly": 0.07993907481431961,
        "Nodule": 0.46883711218833923,
        "Mass": 0.5534696578979492,
        "Hernia": 0.026984702795743942,
        "Lung Lesion": 0.003118856344372034,
        "Fracture": 0.5059138536453247,
        "Lung Opacity": 0.7038528919219971,
        "Enlarged Cardiomediastinum": 0.49410736560821533
    },
    "image-49456968-50961677-93916823-30114741-97249659.dcm": {
        "Atelectasis": 0.15955297648906708,
        "Consolidation": 0.091922827064991,
        "Infiltration": 0.27587175369262695,
        "Pneumothorax": 0.2389436960220337,
        "Edema": 0.013350321911275387,
        "Emphysema": 0.5010994672775269,
        "Fibrosis": 0.5206528902053833,
        "Effusion": 0.051287516951560974,
        "Pneumonia": 0.020517630502581596,
        "Pleural_Thickening": 0.33715447783470154,
        "Cardiomegaly": 0.30284106731414795,
        "Nodule": 0.5020085573196411,
        "Mass": 0.22714939713478088,
        "Hernia": 0.009242392145097256,
        "Lung Lesion": 0.012699241749942303,
        "Fracture": 0.05622939020395279,
        "Lung Opacity": 0.1540747582912445,
        "Enlarged Cardiomediastinum": 0.07966266572475433
    },
    "image-43591434-24105909-95501830-31186664-56232345.dcm": {
        "Atelectasis": 0.15337520837783813,
        "Consolidation": 0.5194025039672852,
        "Infiltration": 0.5784429907798767,
        "Pneumothorax": 0.5025286674499512,
        "Edema": 0.24065738916397095,
        "Emphysema": 0.5052889585494995,
        "Fibrosis": 0.517194390296936,
        "Effusion": 0.20818161964416504,
        "Pneumonia": 0.4216933846473694,
        "Pleural_Thickening": 0.5043962001800537,
        "Cardiomegaly": 0.20268593728542328,
        "Nodule": 0.5085316896438599,
        "Mass": 0.5129914283752441,
        "Hernia": 0.005680047441273928,
        "Lung Lesion": 0.02585180662572384,
        "Fracture": 0.32929280400276184,
        "Lung Opacity": 0.8589417934417725,
        "Enlarged Cardiomediastinum": 0.5426950454711914
    },
    "image-37893342-90788293-97674894-30563722-15937211.dcm": {
        "Atelectasis": 0.01602957211434841,
        "Consolidation": 0.06330506503582001,
        "Infiltration": 0.5006903409957886,
        "Pneumothorax": 0.10964474081993103,
        "Edema": 0.0004002151545137167,
        "Emphysema": 0.06811877340078354,
        "Fibrosis": 0.40678825974464417,
        "Effusion": 0.008557370863854885,
        "Pneumonia": 0.01068858616054058,
        "Pleural_Thickening": 0.15752892196178436,
        "Cardiomegaly": 0.0030624158680438995,
        "Nodule": 0.22959119081497192,
        "Mass": 0.0240731630474329,
        "Hernia": 0.00032691904925741255,
        "Lung Lesion": 0.0013973214663565159,
        "Fracture": 0.06604626774787903,
        "Lung Opacity": 0.04867858812212944,
        "Enlarged Cardiomediastinum": 0.01635577902197838
    }
}